<?xml version="1.0" encoding="UTF-8" standalone="no"?>
<RULES>
    <RULE APP_VERSION="8.2.2-731" CACHE_TTL="259200" CACHE_TTL_SYNCED="true" CLASSIFICATION="REG_STATUS" DESCRIPTION="Enable Assign to VLAN action via API with the Connect framework" ENABLED="true" ID="-5559833622346356701" NAME="Connect ActionAPI Assign to VLAN" NOT_COND_UPDATE="true" UPGRADE_PERFORMED="true">
        <GROUP_IN_FILTER/>
        <INACTIVITY_TTL TTL="0" USE_DEFAULT="true"/>
        <ADMISSION_RESOLVE_DELAY TTL="0" USE_DEFAULT="true"/>
        <MATCH_TIMING RATE="28800" SKIP_INACTIVE="true">
            <ADMISSION ALL="true"/>
        </MATCH_TIMING>
        <EXPRESSION EXPR_TYPE="SIMPLE">
            <!--Rule expression. Rule name is: Connect ActionAPI Assign to VLAN-->
            <CONDITION EMPTY_LIST_VALUE="false" FIELD_NAME="connect_actionapi_vlan_assign" LABEL="Connect Action API for Vlan Assignment" LEFT_PARENTHESIS="0" LOGIC="AND" PLUGIN_NAME="Connect" PLUGIN_UNIQUE_NAME="connect_module" PLUGIN_VESRION="1.5.0" PLUGIN_VESRION_NUMBER="15000236" RET_VALUE_ON_UKNOWN="IRRESOLVED" RIGHT_PARENTHESIS="0">
                <FILTER FILTER_ID="-4378405323571746816" VALUE="true"/>
            </CONDITION>
        </EXPRESSION>
        <ACTION DISABLED="false" NAME="sw_quarantine">
            <PARAM NAME="dont_force_assign_2_vlan" VALUE="true"/>
            <PARAM NAME="vlan" VALUE="1"/>
            <PARAM NAME="vlan_group" VALUE="vlan_name"/>
            <PARAM NAME="vlan_name" VALUE="{connect_actionapi_vlan_assign_id}"/>
            <SCHEDULE>
                <START Class="Immediately"/>
                <OCCURENCE onStart="true"/>
            </SCHEDULE>
        </ACTION>
        <EXCEPTION NAME="ip" UNKNOWN_EVAL="UNMATCH"/>
        <EXCEPTION NAME="mac" UNKNOWN_EVAL="UNMATCH"/>
        <EXCEPTION NAME="nbthost" UNKNOWN_EVAL="UNMATCH"/>
        <EXCEPTION NAME="user" UNKNOWN_EVAL="UNMATCH"/>
        <EXCEPTION NAME="group" UNKNOWN_EVAL="UNMATCH"/>
        <ORIGIN NAME="CUSTOM"/>
        <UNMATCH_TIMING RATE="28800" SKIP_INACTIVE="true">
            <ADMISSION ALL="true"/>
        </UNMATCH_TIMING>
        <RANGE FROM="0.0.0.0" TO="255.255.255.255"/>
        <SUBNET address="::" prefix="0"/>
        <RESERVED>
            <RANGE FROM="224.0.0.0" TO="247.255.255.255"/>
        </RESERVED>
        <RULE_CHAIN/>
        <REPORT_TABLES/>
    </RULE>
</RULES>
